{
    "metrics": {
        "http_req_failed": {
            "passes": 0,
            "fails": 33178,
            "value": 0
        },
        "http_req_tls_handshaking": {
            "avg": 893.0986155343865,
            "min": 0,
            "med": 519.5045,
            "max": 4345.1944,
            "p(90)": 2355.4891399999997,
            "p(95)": 2905.65678
        },
        "http_req_receiving": {
            "max": 2339.6595,
            "p(90)": 34.98555,
            "p(95)": 80.02369999999999,
            "avg": 21.729943543914626,
            "min": 0,
            "med": 1.9999
        },
        "vus": {
            "value": 0,
            "min": 0,
            "max": 11215
        },
        "http_req_sending": {
            "avg": 2.1631314515642925,
            "min": 0,
            "med": 0,
            "max": 2243.5912,
            "p(90)": 2.0009,
            "p(95)": 3.9993
        },
        "data_sent": {
            "rate": 430401.32900982397,
            "count": 28157016
        },
        "data_received": {
            "count": 150538529,
            "rate": 2301095.5048924196
        },
        "iterations": {
            "count": 33178,
            "rate": 507.15087471939285
        },
        "http_reqs": {
            "count": 33178,
            "rate": 507.15087471939285
        },
        "http_req_duration{expected_response:true}": {
            "p(95)": 5404.519839999999,
            "avg": 2168.851616061866,
            "min": 6.6224,
            "med": 2068.1157000000003,
            "max": 8309.7558,
            "p(90)": 4469.49906
        },
        "http_req_blocked": {
            "avg": 1723.9199600850052,
            "min": 1.2903,
            "med": 1525.96675,
            "max": 9169.2595,
            "p(90)": 4042.4559600000002,
            "p(95)": 4405.604709999999
        },
        "http_req_connecting": {
            "p(95)": 2567.2726199999997,
            "avg": 793.23702680391,
            "min": 0,
            "med": 538.9981,
            "max": 5292.5669,
            "p(90)": 2053.85722
        },
        "http_req_waiting": {
            "min": 6.0768,
            "med": 2036.1966499999999,
            "max": 8304.7581,
            "p(90)": 4464.5732800000005,
            "p(95)": 5402.140804999998,
            "avg": 2144.9585410663794
        },
        "checks": {
            "passes": 33178,
            "fails": 364958,
            "value": 0.08333333333333333
        },
        "vus_max": {
            "value": 40000,
            "min": 3195,
            "max": 40000
        },
        "iteration_duration": {
            "p(90)": 8742.94308,
            "p(95)": 9437.96472,
            "avg": 5115.397390939803,
            "min": 1021.9489,
            "med": 5431.81485,
            "max": 14035.8649
        },
        "http_req_duration": {
            "p(90)": 4469.49906,
            "p(95)": 5404.519839999999,
            "avg": 2168.851616061866,
            "min": 6.6224,
            "med": 2068.1157000000003,
            "max": 8309.7558
        }
    },
    "root_group": {
        "name": "",
        "path": "",
        "id": "d41d8cd98f00b204e9800998ecf8427e",
        "groups": {},
        "checks": {
                "200 OK": {
                    "passes": 0,
                    "fails": 33178,
                    "name": "200 OK",
                    "path": "::200 OK",
                    "id": "e9654c443eff553da9e69eda7007924e"
                },
                "201 Created": {
                    "name": "201 Created",
                    "path": "::201 Created",
                    "id": "728dcd977aae263ca314731145e1d447",
                    "passes": 33178,
                    "fails": 0
                },
                "204 No Content": {
                    "name": "204 No Content",
                    "path": "::204 No Content",
                    "id": "54fa3c2eda34e1622fda2da5e0479fc5",
                    "passes": 0,
                    "fails": 33178
                },
                "400 Bad Request": {
                    "fails": 33178,
                    "name": "400 Bad Request",
                    "path": "::400 Bad Request",
                    "id": "eeae81934b9b58bccaf0184a6d070338",
                    "passes": 0
                },
                "401 Unauthorized": {
                    "name": "401 Unauthorized",
                    "path": "::401 Unauthorized",
                    "id": "6ae9254e6aefe7f0bafe5102fa7e20a5",
                    "passes": 0,
                    "fails": 33178
                },
                "403 Forbidden": {
                    "name": "403 Forbidden",
                    "path": "::403 Forbidden",
                    "id": "655548b761742c5a7ad15aa7df3a5d9c",
                    "passes": 0,
                    "fails": 33178
                },
                "404 Not Found": {
                    "name": "404 Not Found",
                    "path": "::404 Not Found",
                    "id": "df1528f9925ca236bac51008f77b774a",
                    "passes": 0,
                    "fails": 33178
                },
                "429 Too Many Requests": {
                    "name": "429 Too Many Requests",
                    "path": "::429 Too Many Requests",
                    "id": "b810c35b9499cc7342fd415032e3a6aa",
                    "passes": 0,
                    "fails": 33178
                },
                "500 Internal Server Error": {
                    "name": "500 Internal Server Error",
                    "path": "::500 Internal Server Error",
                    "id": "3cd96245b24e869810efe46d533b0eef",
                    "passes": 0,
                    "fails": 33178
                },
                "502 Bad Gateway": {
                    "path": "::502 Bad Gateway",
                    "id": "712cb0ec189a11f31f0d6d0c0031b569",
                    "passes": 0,
                    "fails": 33178,
                    "name": "502 Bad Gateway"
                },
                "503 Service Unavailable": {
                    "path": "::503 Service Unavailable",
                    "id": "f1ea1a22be0dc738c385523a66ea1cd9",
                    "passes": 0,
                    "fails": 33178,
                    "name": "503 Service Unavailable"
                },
                "504 Gateway Timeout": {
                    "fails": 33178,
                    "name": "504 Gateway Timeout",
                    "path": "::504 Gateway Timeout",
                    "id": "218efb729cb654723ccd57c6ebbebe29",
                    "passes": 0
                }
            }
    }
}