{
    "metrics": {
        "http_req_duration{expected_response:true}": {
            "avg": 16.1581,
            "min": 10.056,
            "med": 16.1581,
            "max": 22.2602,
            "p(90)": 21.03978,
            "p(95)": 21.649990000000003
        },
        "http_req_blocked": {
            "med": 7.287,
            "max": 14.574,
            "p(90)": 13.1166,
            "p(95)": 13.8453,
            "avg": 7.287,
            "min": 0
        },
        "data_received": {
            "count": 5536,
            "rate": 5281.17284775035
        },
        "http_req_sending": {
            "avg": 0.28445,
            "min": 0,
            "med": 0.28445,
            "max": 0.5689,
            "p(90)": 0.51201,
            "p(95)": 0.5404549999999999
        },
        "iteration_duration": {
            "avg": 1048.2467,
            "min": 1048.2467,
            "med": 1048.2467,
            "max": 1048.2467,
            "p(90)": 1048.2467,
            "p(95)": 1048.2467
        },
        "http_req_duration": {
            "avg": 16.1581,
            "min": 10.056,
            "med": 16.1581,
            "max": 22.2602,
            "p(90)": 21.03978,
            "p(95)": 21.649990000000003
        },
        "data_sent": {
            "rate": 1535.8902248695924,
            "count": 1610
        },
        "http_req_waiting": {
            "avg": 15.613399999999999,
            "min": 9.4003,
            "med": 15.613399999999999,
            "max": 21.8265,
            "p(90)": 20.58388,
            "p(95)": 21.205189999999998
        },
        "http_req_receiving": {
            "avg": 0.26025,
            "min": 0.0868,
            "med": 0.26025,
            "max": 0.4337,
            "p(90)": 0.39901,
            "p(95)": 0.416355
        },
        "checks": {
            "passes": 2,
            "fails": 22,
            "value": 0.08333333333333333
        },
        "http_reqs": {
            "rate": 1.9079381675398663,
            "count": 2
        },
        "http_req_failed": {
            "passes": 0,
            "fails": 2,
            "value": 0
        },
        "dropped_iterations": {
            "count": 1,
            "rate": 0.9539690837699332
        },
        "http_req_connecting": {
            "p(95)": 3.7947749999999996,
            "avg": 1.99725,
            "min": 0,
            "med": 1.99725,
            "max": 3.9945,
            "p(90)": 3.59505
        },
        "vus_max": {
            "max": 1,
            "value": 1,
            "min": 1
        },
        "vus": {
            "min": 1,
            "max": 1,
            "value": 1
        },
        "http_req_tls_handshaking": {
            "min": 0,
            "med": 2.92005,
            "max": 5.8401,
            "p(90)": 5.2560899999999995,
            "p(95)": 5.548094999999999,
            "avg": 2.92005
        },
        "iterations": {
            "count": 1,
            "rate": 0.9539690837699332
        }
    },
    "root_group": {
        "groups": {},
        "checks": {
                "200 OK": {
                    "name": "200 OK",
                    "path": "::200 OK",
                    "id": "e9654c443eff553da9e69eda7007924e",
                    "passes": 0,
                    "fails": 2
                },
                "201 Created": {
                    "name": "201 Created",
                    "path": "::201 Created",
                    "id": "728dcd977aae263ca314731145e1d447",
                    "passes": 2,
                    "fails": 0
                },
                "204 No Content": {
                    "path": "::204 No Content",
                    "id": "54fa3c2eda34e1622fda2da5e0479fc5",
                    "passes": 0,
                    "fails": 2,
                    "name": "204 No Content"
                },
                "400 Bad Request": {
                    "id": "eeae81934b9b58bccaf0184a6d070338",
                    "passes": 0,
                    "fails": 2,
                    "name": "400 Bad Request",
                    "path": "::400 Bad Request"
                },
                "401 Unauthorized": {
                    "name": "401 Unauthorized",
                    "path": "::401 Unauthorized",
                    "id": "6ae9254e6aefe7f0bafe5102fa7e20a5",
                    "passes": 0,
                    "fails": 2
                },
                "403 Forbidden": {
                    "name": "403 Forbidden",
                    "path": "::403 Forbidden",
                    "id": "655548b761742c5a7ad15aa7df3a5d9c",
                    "passes": 0,
                    "fails": 2
                },
                "404 Not Found": {
                    "name": "404 Not Found",
                    "path": "::404 Not Found",
                    "id": "df1528f9925ca236bac51008f77b774a",
                    "passes": 0,
                    "fails": 2
                },
                "429 Too Many Requests": {
                    "name": "429 Too Many Requests",
                    "path": "::429 Too Many Requests",
                    "id": "b810c35b9499cc7342fd415032e3a6aa",
                    "passes": 0,
                    "fails": 2
                },
                "500 Internal Server Error": {
                    "name": "500 Internal Server Error",
                    "path": "::500 Internal Server Error",
                    "id": "3cd96245b24e869810efe46d533b0eef",
                    "passes": 0,
                    "fails": 2
                },
                "502 Bad Gateway": {
                    "name": "502 Bad Gateway",
                    "path": "::502 Bad Gateway",
                    "id": "712cb0ec189a11f31f0d6d0c0031b569",
                    "passes": 0,
                    "fails": 2
                },
                "503 Service Unavailable": {
                    "path": "::503 Service Unavailable",
                    "id": "f1ea1a22be0dc738c385523a66ea1cd9",
                    "passes": 0,
                    "fails": 2,
                    "name": "503 Service Unavailable"
                },
                "504 Gateway Timeout": {
                    "name": "504 Gateway Timeout",
                    "path": "::504 Gateway Timeout",
                    "id": "218efb729cb654723ccd57c6ebbebe29",
                    "passes": 0,
                    "fails": 2
                }
            },
        "name": "",
        "path": "",
        "id": "d41d8cd98f00b204e9800998ecf8427e"
    }
}