{
    "metrics": {
        "http_req_blocked": {
            "min": 0,
            "med": 7.0017,
            "max": 14.0034,
            "p(90)": 12.60306,
            "p(95)": 13.30323,
            "avg": 7.0017
        },
        "data_sent": {
            "count": 1610,
            "rate": 1554.9537058410049
        },
        "http_req_waiting": {
            "avg": 9.002099999999999,
            "min": 8.7493,
            "med": 9.002099999999999,
            "max": 9.2549,
            "p(90)": 9.204339999999998,
            "p(95)": 9.229619999999999
        },
        "http_req_receiving": {
            "avg": 0.6809499999999999,
            "min": 0.6265,
            "med": 0.6809499999999999,
            "max": 0.7354,
            "p(90)": 0.72451,
            "p(95)": 0.729955
        },
        "http_reqs": {
            "count": 2,
            "rate": 1.9316195103614968
        },
        "vus": {
            "value": 1,
            "min": 1,
            "max": 1
        },
        "iterations": {
            "count": 1,
            "rate": 0.9658097551807484
        },
        "data_received": {
            "count": 5539,
            "rate": 5349.620233946165
        },
        "http_req_failed": {
            "passes": 0,
            "fails": 2,
            "value": 0
        },
        "checks": {
            "passes": 2,
            "fails": 22,
            "value": 0.08333333333333333
        },
        "dropped_iterations": {
            "count": 1,
            "rate": 0.9658097551807484
        },
        "http_req_duration": {
            "avg": 9.70575,
            "min": 9.4212,
            "med": 9.70575,
            "max": 9.9903,
            "p(90)": 9.93339,
            "p(95)": 9.961845
        },
        "http_req_sending": {
            "avg": 0.0227,
            "min": 0,
            "med": 0.0227,
            "max": 0.0454,
            "p(90)": 0.04086,
            "p(95)": 0.04313
        },
        "http_req_duration{expected_response:true}": {
            "min": 9.4212,
            "med": 9.70575,
            "max": 9.9903,
            "p(90)": 9.93339,
            "p(95)": 9.961845,
            "avg": 9.70575
        },
        "http_req_connecting": {
            "p(95)": 2.851425,
            "avg": 1.50075,
            "min": 0,
            "med": 1.50075,
            "max": 3.0015,
            "p(90)": 2.70135
        },
        "http_req_tls_handshaking": {
            "avg": 2.503,
            "min": 0,
            "med": 2.503,
            "max": 5.006,
            "p(90)": 4.505400000000001,
            "p(95)": 4.7557
        },
        "iteration_duration": {
            "avg": 1035.3944,
            "min": 1035.3944,
            "med": 1035.3944,
            "max": 1035.3944,
            "p(90)": 1035.3944,
            "p(95)": 1035.3944
        },
        "vus_max": {
            "min": 1,
            "max": 1,
            "value": 1
        }
    },
    "root_group": {
        "name": "",
        "path": "",
        "id": "d41d8cd98f00b204e9800998ecf8427e",
        "groups": {},
        "checks": {
                "200 OK": {
                    "name": "200 OK",
                    "path": "::200 OK",
                    "id": "e9654c443eff553da9e69eda7007924e",
                    "passes": 0,
                    "fails": 2
                },
                "201 Created": {
                    "path": "::201 Created",
                    "id": "728dcd977aae263ca314731145e1d447",
                    "passes": 2,
                    "fails": 0,
                    "name": "201 Created"
                },
                "204 No Content": {
                    "name": "204 No Content",
                    "path": "::204 No Content",
                    "id": "54fa3c2eda34e1622fda2da5e0479fc5",
                    "passes": 0,
                    "fails": 2
                },
                "400 Bad Request": {
                    "name": "400 Bad Request",
                    "path": "::400 Bad Request",
                    "id": "eeae81934b9b58bccaf0184a6d070338",
                    "passes": 0,
                    "fails": 2
                },
                "401 Unauthorized": {
                    "passes": 0,
                    "fails": 2,
                    "name": "401 Unauthorized",
                    "path": "::401 Unauthorized",
                    "id": "6ae9254e6aefe7f0bafe5102fa7e20a5"
                },
                "403 Forbidden": {
                    "fails": 2,
                    "name": "403 Forbidden",
                    "path": "::403 Forbidden",
                    "id": "655548b761742c5a7ad15aa7df3a5d9c",
                    "passes": 0
                },
                "404 Not Found": {
                    "passes": 0,
                    "fails": 2,
                    "name": "404 Not Found",
                    "path": "::404 Not Found",
                    "id": "df1528f9925ca236bac51008f77b774a"
                },
                "429 Too Many Requests": {
                    "path": "::429 Too Many Requests",
                    "id": "b810c35b9499cc7342fd415032e3a6aa",
                    "passes": 0,
                    "fails": 2,
                    "name": "429 Too Many Requests"
                },
                "500 Internal Server Error": {
                    "name": "500 Internal Server Error",
                    "path": "::500 Internal Server Error",
                    "id": "3cd96245b24e869810efe46d533b0eef",
                    "passes": 0,
                    "fails": 2
                },
                "502 Bad Gateway": {
                    "path": "::502 Bad Gateway",
                    "id": "712cb0ec189a11f31f0d6d0c0031b569",
                    "passes": 0,
                    "fails": 2,
                    "name": "502 Bad Gateway"
                },
                "503 Service Unavailable": {
                    "name": "503 Service Unavailable",
                    "path": "::503 Service Unavailable",
                    "id": "f1ea1a22be0dc738c385523a66ea1cd9",
                    "passes": 0,
                    "fails": 2
                },
                "504 Gateway Timeout": {
                    "fails": 2,
                    "name": "504 Gateway Timeout",
                    "path": "::504 Gateway Timeout",
                    "id": "218efb729cb654723ccd57c6ebbebe29",
                    "passes": 0
                }
            }
    }
}