{
    "metrics": {
        "http_req_sending": {
            "p(90)": 0.5901,
            "p(95)": 0.9971,
            "avg": 0.2821056691515805,
            "min": 0,
            "med": 0,
            "max": 56.9956
        },
        "http_req_blocked": {
            "med": 8.6394,
            "max": 8693.9305,
            "p(90)": 11.713560000000008,
            "p(95)": 16.996575,
            "avg": 12.562076893858746,
            "min": 4.1935
        },
        "http_req_tls_handshaking": {
            "avg": 7.619483166489203,
            "min": 0,
            "med": 5.0022,
            "max": 8689.9314,
            "p(90)": 6.829550000000003,
            "p(95)": 10.0016
        },
        "http_req_failed": {
            "passes": 0,
            "fails": 28170,
            "value": 0
        },
        "iterations": {
            "count": 28170,
            "rate": 426.4463884112308
        },
        "http_req_duration{expected_response:true}": {
            "med": 90.2551,
            "max": 9269.0502,
            "p(90)": 904.48423,
            "p(95)": 1222.33341,
            "avg": 329.174017557686,
            "min": 5.611
        },
        "http_reqs": {
            "count": 28170,
            "rate": 426.4463884112308
        },
        "http_req_receiving": {
            "max": 8675.9389,
            "p(90)": 0.5272100000000002,
            "p(95)": 0.7,
            "avg": 0.5491934682286116,
            "min": 0,
            "med": 0
        },
        "http_req_waiting": {
            "p(95)": 1221.2312,
            "avg": 328.3427184203057,
            "min": 4.5645,
            "med": 89.7184,
            "max": 9247.0532,
            "p(90)": 904.2762500000005
        },
        "http_req_connecting": {
            "max": 94.2623,
            "p(90)": 4.319,
            "p(95)": 5.515849999999998,
            "avg": 3.9559879694710416,
            "min": 0,
            "med": 3.411
        },
        "checks": {
            "passes": 28170,
            "fails": 309870,
            "value": 0.08333333333333333
        },
        "data_sent": {
            "count": 23905224,
            "rate": 361884.857613116
        },
        "vus_max": {
            "value": 30000,
            "min": 3227,
            "max": 30000
        },
        "http_req_duration": {
            "avg": 329.174017557686,
            "min": 5.611,
            "med": 90.2551,
            "max": 9269.0502,
            "p(90)": 904.48423,
            "p(95)": 1222.33341
        },
        "iteration_duration": {
            "max": 10529.431,
            "p(90)": 2015.1773000000007,
            "p(95)": 2461.1370699999998,
            "avg": 1498.7070485871482,
            "min": 1013.8752,
            "med": 1106.09705
        },
        "data_received": {
            "count": 127744065,
            "rate": 1933830.1441327482
        },
        "vus": {
            "value": 0,
            "min": 0,
            "max": 1135
        }
    },
    "root_group": {
        "name": "",
        "path": "",
        "id": "d41d8cd98f00b204e9800998ecf8427e",
        "groups": {},
        "checks": {
                "200 OK": {
                    "id": "e9654c443eff553da9e69eda7007924e",
                    "passes": 0,
                    "fails": 28170,
                    "name": "200 OK",
                    "path": "::200 OK"
                },
                "201 Created": {
                    "path": "::201 Created",
                    "id": "728dcd977aae263ca314731145e1d447",
                    "passes": 28170,
                    "fails": 0,
                    "name": "201 Created"
                },
                "204 No Content": {
                    "id": "54fa3c2eda34e1622fda2da5e0479fc5",
                    "passes": 0,
                    "fails": 28170,
                    "name": "204 No Content",
                    "path": "::204 No Content"
                },
                "400 Bad Request": {
                    "name": "400 Bad Request",
                    "path": "::400 Bad Request",
                    "id": "eeae81934b9b58bccaf0184a6d070338",
                    "passes": 0,
                    "fails": 28170
                },
                "401 Unauthorized": {
                    "name": "401 Unauthorized",
                    "path": "::401 Unauthorized",
                    "id": "6ae9254e6aefe7f0bafe5102fa7e20a5",
                    "passes": 0,
                    "fails": 28170
                },
                "403 Forbidden": {
                    "passes": 0,
                    "fails": 28170,
                    "name": "403 Forbidden",
                    "path": "::403 Forbidden",
                    "id": "655548b761742c5a7ad15aa7df3a5d9c"
                },
                "404 Not Found": {
                    "name": "404 Not Found",
                    "path": "::404 Not Found",
                    "id": "df1528f9925ca236bac51008f77b774a",
                    "passes": 0,
                    "fails": 28170
                },
                "429 Too Many Requests": {
                    "name": "429 Too Many Requests",
                    "path": "::429 Too Many Requests",
                    "id": "b810c35b9499cc7342fd415032e3a6aa",
                    "passes": 0,
                    "fails": 28170
                },
                "500 Internal Server Error": {
                    "name": "500 Internal Server Error",
                    "path": "::500 Internal Server Error",
                    "id": "3cd96245b24e869810efe46d533b0eef",
                    "passes": 0,
                    "fails": 28170
                },
                "502 Bad Gateway": {
                    "name": "502 Bad Gateway",
                    "path": "::502 Bad Gateway",
                    "id": "712cb0ec189a11f31f0d6d0c0031b569",
                    "passes": 0,
                    "fails": 28170
                },
                "503 Service Unavailable": {
                    "name": "503 Service Unavailable",
                    "path": "::503 Service Unavailable",
                    "id": "f1ea1a22be0dc738c385523a66ea1cd9",
                    "passes": 0,
                    "fails": 28170
                },
                "504 Gateway Timeout": {
                    "id": "218efb729cb654723ccd57c6ebbebe29",
                    "passes": 0,
                    "fails": 28170,
                    "name": "504 Gateway Timeout",
                    "path": "::504 Gateway Timeout"
                }
            }
    }
}