{
    "metrics": {
        "iteration_duration": {
            "min": 1011.8245,
            "med": 5606.8298,
            "max": 11094.0738,
            "p(90)": 8795.714,
            "p(95)": 9487.2293,
            "avg": 5099.6541770282
        },
        "vus": {
            "value": 3,
            "min": 0,
            "max": 2088
        },
        "http_reqs": {
            "count": 15001,
            "rate": 215.58129479873185
        },
        "http_req_duration{expected_response:true}": {
            "avg": 4088.967732877803,
            "min": 2.9182,
            "med": 4596.6028,
            "max": 10082.1639,
            "p(90)": 7783.2887,
            "p(95)": 8476.891
        },
        "http_req_connecting": {
            "p(90)": 4.4152,
            "p(95)": 4.9907,
            "avg": 3.822721725218311,
            "min": 0,
            "med": 3.6701,
            "max": 46.5279
        },
        "http_req_blocked": {
            "med": 9.1482,
            "max": 60.129,
            "p(90)": 10.9004,
            "p(95)": 11.9121,
            "avg": 9.625965895606901,
            "min": 0
        },
        "data_received": {
            "count": 68015527,
            "rate": 977459.8611477972
        },
        "checks": {
            "passes": 15001,
            "fails": 165011,
            "value": 0.08333333333333333
        },
        "vus_max": {
            "value": 15000,
            "min": 3232,
            "max": 15000
        },
        "http_req_tls_handshaking": {
            "p(90)": 6.4242,
            "p(95)": 7.1699,
            "avg": 5.562596780214662,
            "min": 0,
            "med": 5.2639,
            "max": 55.6963
        },
        "http_req_sending": {
            "max": 45.226,
            "p(90)": 0.5805,
            "p(95)": 0.6366,
            "avg": 0.25295850943270537,
            "min": 0,
            "med": 0
        },
        "http_req_receiving": {
            "avg": 0.18401489900673293,
            "min": 0,
            "med": 0,
            "max": 42.1405,
            "p(90)": 0.5984,
            "p(95)": 0.8456
        },
        "http_req_duration": {
            "avg": 4088.967732877803,
            "min": 2.9182,
            "med": 4596.6028,
            "max": 10082.1639,
            "p(90)": 7783.2887,
            "p(95)": 8476.891
        },
        "http_req_waiting": {
            "min": 2.9182,
            "med": 4596.0217,
            "max": 10080.7545,
            "p(90)": 7782.6226,
            "p(95)": 8476.2549,
            "avg": 4088.5307594693686
        },
        "http_req_failed": {
            "fails": 15001,
            "passes": 0,
            "value": 0
        },
        "iterations": {
            "count": 15001,
            "rate": 215.58129479873185
        },
        "data_sent": {
            "count": 12724180,
            "rate": 182860.82258863596
        }
    },
    "root_group": {
        "id": "d41d8cd98f00b204e9800998ecf8427e",
        "groups": {},
        "checks": {
                "200 OK": {
                    "name": "200 OK",
                    "path": "::200 OK",
                    "id": "e9654c443eff553da9e69eda7007924e",
                    "passes": 0,
                    "fails": 15001
                },
                "201 Created": {
                    "name": "201 Created",
                    "path": "::201 Created",
                    "id": "728dcd977aae263ca314731145e1d447",
                    "passes": 15001,
                    "fails": 0
                },
                "204 No Content": {
                    "name": "204 No Content",
                    "path": "::204 No Content",
                    "id": "54fa3c2eda34e1622fda2da5e0479fc5",
                    "passes": 0,
                    "fails": 15001
                },
                "400 Bad Request": {
                    "name": "400 Bad Request",
                    "path": "::400 Bad Request",
                    "id": "eeae81934b9b58bccaf0184a6d070338",
                    "passes": 0,
                    "fails": 15001
                },
                "401 Unauthorized": {
                    "name": "401 Unauthorized",
                    "path": "::401 Unauthorized",
                    "id": "6ae9254e6aefe7f0bafe5102fa7e20a5",
                    "passes": 0,
                    "fails": 15001
                },
                "403 Forbidden": {
                    "path": "::403 Forbidden",
                    "id": "655548b761742c5a7ad15aa7df3a5d9c",
                    "passes": 0,
                    "fails": 15001,
                    "name": "403 Forbidden"
                },
                "404 Not Found": {
                    "name": "404 Not Found",
                    "path": "::404 Not Found",
                    "id": "df1528f9925ca236bac51008f77b774a",
                    "passes": 0,
                    "fails": 15001
                },
                "429 Too Many Requests": {
                    "name": "429 Too Many Requests",
                    "path": "::429 Too Many Requests",
                    "id": "b810c35b9499cc7342fd415032e3a6aa",
                    "passes": 0,
                    "fails": 15001
                },
                "500 Internal Server Error": {
                    "id": "3cd96245b24e869810efe46d533b0eef",
                    "passes": 0,
                    "fails": 15001,
                    "name": "500 Internal Server Error",
                    "path": "::500 Internal Server Error"
                },
                "502 Bad Gateway": {
                    "name": "502 Bad Gateway",
                    "path": "::502 Bad Gateway",
                    "id": "712cb0ec189a11f31f0d6d0c0031b569",
                    "passes": 0,
                    "fails": 15001
                },
                "503 Service Unavailable": {
                    "name": "503 Service Unavailable",
                    "path": "::503 Service Unavailable",
                    "id": "f1ea1a22be0dc738c385523a66ea1cd9",
                    "passes": 0,
                    "fails": 15001
                },
                "504 Gateway Timeout": {
                    "name": "504 Gateway Timeout",
                    "path": "::504 Gateway Timeout",
                    "id": "218efb729cb654723ccd57c6ebbebe29",
                    "passes": 0,
                    "fails": 15001
                }
            },
        "name": "",
        "path": ""
    }
}