{
    "metrics": {
        "http_req_connecting": {
            "min": 0,
            "med": 0,
            "max": 46.3439,
            "p(90)": 3.94789,
            "p(95)": 4.276564999999998,
            "avg": 1.8790066862209178
        },
        "data_sent": {
            "count": 24150366,
            "rate": 366199.16368141415
        },
        "http_req_failed": {
            "passes": 0,
            "fails": 30002,
            "value": 0
        },
        "iteration_duration": {
            "max": 15979.7563,
            "p(90)": 11474.0869,
            "p(95)": 12588.042,
            "avg": 6921.709432784469,
            "min": 1021.0031,
            "med": 7182.2052
        },
        "http_req_duration": {
            "avg": 2955.5487282681347,
            "min": 5.382,
            "med": 2700.5368,
            "max": 11523.0918,
            "p(90)": 5927.555150000002,
            "p(95)": 7260.775139999995
        },
        "http_reqs": {
            "count": 30002,
            "rate": 454.9292258663818
        },
        "http_req_duration{expected_response:true}": {
            "min": 5.382,
            "med": 2700.5368,
            "max": 11523.0918,
            "p(90)": 5927.555150000002,
            "p(95)": 7260.775139999995,
            "avg": 2955.5487282681347
        },
        "iterations": {
            "count": 15001,
            "rate": 227.4646129331909
        },
        "http_req_sending": {
            "p(90)": 0.5672,
            "p(95)": 0.6059,
            "avg": 0.20742001533231114,
            "min": 0,
            "med": 0,
            "max": 39.996
        },
        "http_req_receiving": {
            "min": 0,
            "med": 0,
            "max": 39.4783,
            "p(90)": 0.5464,
            "p(95)": 0.694764999999998,
            "avg": 0.14563881741217288
        },
        "http_req_blocked": {
            "med": 0.89585,
            "max": 56.6804,
            "p(90)": 9.6394,
            "p(95)": 10.3386,
            "avg": 4.734948933404407,
            "min": 0
        },
        "http_req_waiting": {
            "avg": 2955.195669435378,
            "min": 5.0249,
            "med": 2699.96765,
            "max": 11522.2405,
            "p(90)": 5927.039690000001,
            "p(95)": 7260.747504999994
        },
        "data_received": {
            "count": 82964033,
            "rate": 1258008.2430318962
        },
        "vus": {
            "max": 3005,
            "value": 435,
            "min": 0
        },
        "http_req_tls_handshaking": {
            "med": 0,
            "max": 51.5789,
            "p(90)": 5.60039,
            "p(95)": 6.00299,
            "avg": 2.7048759149390023,
            "min": 0
        },
        "vus_max": {
            "value": 15000,
            "min": 3102,
            "max": 15000
        },
        "checks": {
            "passes": 30002,
            "fails": 330022,
            "value": 0.08333333333333333
        }
    },
    "root_group": {
        "path": "",
        "id": "d41d8cd98f00b204e9800998ecf8427e",
        "groups": {},
        "checks": {
                "200 OK": {
                    "fails": 30002,
                    "name": "200 OK",
                    "path": "::200 OK",
                    "id": "e9654c443eff553da9e69eda7007924e",
                    "passes": 0
                },
                "201 Created": {
                    "name": "201 Created",
                    "path": "::201 Created",
                    "id": "728dcd977aae263ca314731145e1d447",
                    "passes": 30002,
                    "fails": 0
                },
                "204 No Content": {
                    "id": "54fa3c2eda34e1622fda2da5e0479fc5",
                    "passes": 0,
                    "fails": 30002,
                    "name": "204 No Content",
                    "path": "::204 No Content"
                },
                "400 Bad Request": {
                    "name": "400 Bad Request",
                    "path": "::400 Bad Request",
                    "id": "eeae81934b9b58bccaf0184a6d070338",
                    "passes": 0,
                    "fails": 30002
                },
                "401 Unauthorized": {
                    "passes": 0,
                    "fails": 30002,
                    "name": "401 Unauthorized",
                    "path": "::401 Unauthorized",
                    "id": "6ae9254e6aefe7f0bafe5102fa7e20a5"
                },
                "403 Forbidden": {
                    "path": "::403 Forbidden",
                    "id": "655548b761742c5a7ad15aa7df3a5d9c",
                    "passes": 0,
                    "fails": 30002,
                    "name": "403 Forbidden"
                },
                "404 Not Found": {
                    "passes": 0,
                    "fails": 30002,
                    "name": "404 Not Found",
                    "path": "::404 Not Found",
                    "id": "df1528f9925ca236bac51008f77b774a"
                },
                "429 Too Many Requests": {
                    "fails": 30002,
                    "name": "429 Too Many Requests",
                    "path": "::429 Too Many Requests",
                    "id": "b810c35b9499cc7342fd415032e3a6aa",
                    "passes": 0
                },
                "500 Internal Server Error": {
                    "path": "::500 Internal Server Error",
                    "id": "3cd96245b24e869810efe46d533b0eef",
                    "passes": 0,
                    "fails": 30002,
                    "name": "500 Internal Server Error"
                },
                "502 Bad Gateway": {
                    "path": "::502 Bad Gateway",
                    "id": "712cb0ec189a11f31f0d6d0c0031b569",
                    "passes": 0,
                    "fails": 30002,
                    "name": "502 Bad Gateway"
                },
                "503 Service Unavailable": {
                    "name": "503 Service Unavailable",
                    "path": "::503 Service Unavailable",
                    "id": "f1ea1a22be0dc738c385523a66ea1cd9",
                    "passes": 0,
                    "fails": 30002
                },
                "504 Gateway Timeout": {
                    "name": "504 Gateway Timeout",
                    "path": "::504 Gateway Timeout",
                    "id": "218efb729cb654723ccd57c6ebbebe29",
                    "passes": 0,
                    "fails": 30002
                }
            },
        "name": ""
    }
}