{
    "metrics": {
        "vus_max": {
            "max": 10,
            "value": 10,
            "min": 10
        },
        "http_req_failed": {
            "passes": 0,
            "fails": 14,
            "value": 0
        },
        "http_req_duration": {
            "avg": 21.34136428571429,
            "min": 10.0164,
            "med": 20.3983,
            "max": 40.7869,
            "p(90)": 31.260650000000002,
            "p(95)": 35.094915
        },
        "http_req_duration{expected_response:true}": {
            "p(90)": 31.260650000000002,
            "p(95)": 35.094915,
            "avg": 21.34136428571429,
            "min": 10.0164,
            "med": 20.3983,
            "max": 40.7869
        },
        "iteration_duration": {
            "max": 1066.7518,
            "p(90)": 1063.78645,
            "p(95)": 1065.269125,
            "avg": 1053.1125,
            "min": 1047.0161,
            "med": 1048.22215
        },
        "http_req_sending": {
            "med": 0.5195000000000001,
            "max": 0.6007,
            "p(90)": 0.54643,
            "p(95)": 0.56755,
            "avg": 0.38244999999999996,
            "min": 0
        },
        "vus": {
            "min": 1,
            "max": 1,
            "value": 1
        },
        "data_received": {
            "rate": 6182.228225681607,
            "count": 38613
        },
        "http_reqs": {
            "count": 14,
            "rate": 2.2415040312729517
        },
        "http_req_connecting": {
            "p(90)": 4.117979999999999,
            "p(95)": 4.180675,
            "avg": 2.032264285714286,
            "min": 0,
            "med": 1.9319,
            "max": 4.2746
        },
        "http_req_blocked": {
            "p(90)": 10.315520000000001,
            "p(95)": 11.308074999999999,
            "avg": 4.900150000000001,
            "min": 0,
            "med": 4.13525,
            "max": 12.9984
        },
        "http_req_waiting": {
            "max": 40.0476,
            "p(90)": 30.37001,
            "p(95)": 34.287819999999996,
            "avg": 20.432057142857143,
            "min": 8.5256,
            "med": 19.169449999999998
        },
        "http_req_receiving": {
            "avg": 0.5268571428571428,
            "min": 0,
            "med": 0.3789,
            "max": 1.0144,
            "p(90)": 0.9308400000000001,
            "p(95)": 0.966755
        },
        "checks": {
            "passes": 14,
            "fails": 154,
            "value": 0.08333333333333333
        },
        "http_req_tls_handshaking": {
            "avg": 2.499514285714286,
            "min": 0,
            "med": 2.1247,
            "max": 6.3235,
            "p(90)": 5.7216000000000005,
            "p(95)": 6.135065
        },
        "data_sent": {
            "count": 11202,
            "rate": 1793.5234398799719
        },
        "iterations": {
            "rate": 0.9606445848312651,
            "count": 6
        }
    },
    "root_group": {
        "id": "d41d8cd98f00b204e9800998ecf8427e",
        "groups": {},
        "checks": {
                "200 OK": {
                    "name": "200 OK",
                    "path": "::200 OK",
                    "id": "e9654c443eff553da9e69eda7007924e",
                    "passes": 0,
                    "fails": 14
                },
                "201 Created": {
                    "name": "201 Created",
                    "path": "::201 Created",
                    "id": "728dcd977aae263ca314731145e1d447",
                    "passes": 14,
                    "fails": 0
                },
                "204 No Content": {
                    "name": "204 No Content",
                    "path": "::204 No Content",
                    "id": "54fa3c2eda34e1622fda2da5e0479fc5",
                    "passes": 0,
                    "fails": 14
                },
                "400 Bad Request": {
                    "path": "::400 Bad Request",
                    "id": "eeae81934b9b58bccaf0184a6d070338",
                    "passes": 0,
                    "fails": 14,
                    "name": "400 Bad Request"
                },
                "401 Unauthorized": {
                    "fails": 14,
                    "name": "401 Unauthorized",
                    "path": "::401 Unauthorized",
                    "id": "6ae9254e6aefe7f0bafe5102fa7e20a5",
                    "passes": 0
                },
                "403 Forbidden": {
                    "name": "403 Forbidden",
                    "path": "::403 Forbidden",
                    "id": "655548b761742c5a7ad15aa7df3a5d9c",
                    "passes": 0,
                    "fails": 14
                },
                "404 Not Found": {
                    "name": "404 Not Found",
                    "path": "::404 Not Found",
                    "id": "df1528f9925ca236bac51008f77b774a",
                    "passes": 0,
                    "fails": 14
                },
                "429 Too Many Requests": {
                    "path": "::429 Too Many Requests",
                    "id": "b810c35b9499cc7342fd415032e3a6aa",
                    "passes": 0,
                    "fails": 14,
                    "name": "429 Too Many Requests"
                },
                "500 Internal Server Error": {
                    "name": "500 Internal Server Error",
                    "path": "::500 Internal Server Error",
                    "id": "3cd96245b24e869810efe46d533b0eef",
                    "passes": 0,
                    "fails": 14
                },
                "502 Bad Gateway": {
                    "id": "712cb0ec189a11f31f0d6d0c0031b569",
                    "passes": 0,
                    "fails": 14,
                    "name": "502 Bad Gateway",
                    "path": "::502 Bad Gateway"
                },
                "503 Service Unavailable": {
                    "id": "f1ea1a22be0dc738c385523a66ea1cd9",
                    "passes": 0,
                    "fails": 14,
                    "name": "503 Service Unavailable",
                    "path": "::503 Service Unavailable"
                },
                "504 Gateway Timeout": {
                    "fails": 14,
                    "name": "504 Gateway Timeout",
                    "path": "::504 Gateway Timeout",
                    "id": "218efb729cb654723ccd57c6ebbebe29",
                    "passes": 0
                }
            },
        "name": "",
        "path": ""
    }
}