{
    "metrics": {
        "http_req_failed": {
            "passes": 0,
            "fails": 3,
            "value": 0
        },
        "vus": {
            "value": 1,
            "min": 1,
            "max": 1
        },
        "http_req_blocked": {
            "avg": 6.840599999999999,
            "min": 0,
            "med": 0,
            "max": 20.5218,
            "p(90)": 16.41744,
            "p(95)": 18.469619999999995
        },
        "http_req_tls_handshaking": {
            "min": 0,
            "med": 0,
            "max": 6.0015,
            "p(90)": 4.801200000000001,
            "p(95)": 5.40135,
            "avg": 2.0005
        },
        "http_req_sending": {
            "avg": 0.19116666666666668,
            "min": 0,
            "med": 0,
            "max": 0.5735,
            "p(90)": 0.45880000000000004,
            "p(95)": 0.51615
        },
        "http_req_receiving": {
            "min": 0.2355,
            "med": 0.5804,
            "max": 0.8838,
            "p(90)": 0.8231200000000001,
            "p(95)": 0.85346,
            "avg": 0.5665666666666667
        },
        "http_req_duration": {
            "med": 24.2772,
            "max": 25.1767,
            "p(90)": 24.9968,
            "p(95)": 25.08675,
            "avg": 20.559033333333335,
            "min": 12.2232
        },
        "http_req_waiting": {
            "med": 23.1233,
            "max": 24.2929,
            "p(90)": 24.05898,
            "p(95)": 24.17594,
            "avg": 19.8013,
            "min": 11.9877
        },
        "http_req_duration{expected_response:true}": {
            "min": 12.2232,
            "med": 24.2772,
            "max": 25.1767,
            "p(90)": 24.9968,
            "p(95)": 25.08675,
            "avg": 20.559033333333335
        },
        "checks": {
            "passes": 3,
            "fails": 33,
            "value": 0.08333333333333333
        },
        "dropped_iterations": {
            "count": 1,
            "rate": 0.9229927745356631
        },
        "iteration_duration": {
            "p(95)": 1083.4292,
            "avg": 1083.4292,
            "min": 1083.4292,
            "med": 1083.4292,
            "max": 1083.4292,
            "p(90)": 1083.4292
        },
        "http_req_connecting": {
            "p(95)": 3.91788,
            "avg": 1.4510666666666667,
            "min": 0,
            "med": 0,
            "max": 4.3532,
            "p(90)": 3.4825600000000003
        },
        "data_sent": {
            "count": 2053,
            "rate": 1894.9041661217163
        },
        "data_received": {
            "count": 5975,
            "rate": 5514.881827850587
        },
        "http_reqs": {
            "count": 3,
            "rate": 2.7689783236069894
        },
        "vus_max": {
            "value": 1,
            "min": 1,
            "max": 1
        },
        "iterations": {
            "count": 1,
            "rate": 0.9229927745356631
        }
    },
    "root_group": {
        "id": "d41d8cd98f00b204e9800998ecf8427e",
        "groups": {},
        "checks": {
                "200 OK": {
                    "name": "200 OK",
                    "path": "::200 OK",
                    "id": "e9654c443eff553da9e69eda7007924e",
                    "passes": 1,
                    "fails": 2
                },
                "201 Created": {
                    "name": "201 Created",
                    "path": "::201 Created",
                    "id": "728dcd977aae263ca314731145e1d447",
                    "passes": 2,
                    "fails": 1
                },
                "204 No Content": {
                    "name": "204 No Content",
                    "path": "::204 No Content",
                    "id": "54fa3c2eda34e1622fda2da5e0479fc5",
                    "passes": 0,
                    "fails": 3
                },
                "400 Bad Request": {
                    "path": "::400 Bad Request",
                    "id": "eeae81934b9b58bccaf0184a6d070338",
                    "passes": 0,
                    "fails": 3,
                    "name": "400 Bad Request"
                },
                "401 Unauthorized": {
                    "name": "401 Unauthorized",
                    "path": "::401 Unauthorized",
                    "id": "6ae9254e6aefe7f0bafe5102fa7e20a5",
                    "passes": 0,
                    "fails": 3
                },
                "403 Forbidden": {
                    "id": "655548b761742c5a7ad15aa7df3a5d9c",
                    "passes": 0,
                    "fails": 3,
                    "name": "403 Forbidden",
                    "path": "::403 Forbidden"
                },
                "404 Not Found": {
                    "id": "df1528f9925ca236bac51008f77b774a",
                    "passes": 0,
                    "fails": 3,
                    "name": "404 Not Found",
                    "path": "::404 Not Found"
                },
                "429 Too Many Requests": {
                    "name": "429 Too Many Requests",
                    "path": "::429 Too Many Requests",
                    "id": "b810c35b9499cc7342fd415032e3a6aa",
                    "passes": 0,
                    "fails": 3
                },
                "500 Internal Server Error": {
                    "name": "500 Internal Server Error",
                    "path": "::500 Internal Server Error",
                    "id": "3cd96245b24e869810efe46d533b0eef",
                    "passes": 0,
                    "fails": 3
                },
                "502 Bad Gateway": {
                    "name": "502 Bad Gateway",
                    "path": "::502 Bad Gateway",
                    "id": "712cb0ec189a11f31f0d6d0c0031b569",
                    "passes": 0,
                    "fails": 3
                },
                "503 Service Unavailable": {
                    "fails": 3,
                    "name": "503 Service Unavailable",
                    "path": "::503 Service Unavailable",
                    "id": "f1ea1a22be0dc738c385523a66ea1cd9",
                    "passes": 0
                },
                "504 Gateway Timeout": {
                    "path": "::504 Gateway Timeout",
                    "id": "218efb729cb654723ccd57c6ebbebe29",
                    "passes": 0,
                    "fails": 3,
                    "name": "504 Gateway Timeout"
                }
            },
        "name": "",
        "path": ""
    }
}