{
    "metrics": {
        "http_req_receiving": {
            "p(95)": 2.4572399999999996,
            "avg": 0.8191333333333335,
            "min": 0,
            "med": 0.4756,
            "max": 3.4104,
            "p(90)": 1.5040800000000005
        },
        "vus_max": {
            "value": 10,
            "min": 10,
            "max": 10
        },
        "data_received": {
            "count": 17900,
            "rate": 6723.094588607457
        },
        "iterations": {
            "count": 2,
            "rate": 0.7511837529170342
        },
        "http_req_duration{expected_response:true}": {
            "max": 25.5013,
            "p(90)": 24.27314,
            "p(95)": 24.88722,
            "avg": 19.34668888888889,
            "min": 11.0505,
            "med": 20.9623
        },
        "vus": {
            "min": 1,
            "max": 1,
            "value": 1
        },
        "http_reqs": {
            "rate": 3.380326888126654,
            "count": 9
        },
        "http_req_connecting": {
            "med": 0,
            "max": 13.4952,
            "p(90)": 6.350000000000001,
            "p(95)": 9.922599999999996,
            "avg": 2.453911111111111,
            "min": 0
        },
        "data_sent": {
            "count": 6160,
            "rate": 2313.6459589844653
        },
        "checks": {
            "passes": 9,
            "fails": 99,
            "value": 0.08333333333333333
        },
        "http_req_duration": {
            "max": 25.5013,
            "p(90)": 24.27314,
            "p(95)": 24.88722,
            "avg": 19.34668888888889,
            "min": 11.0505,
            "med": 20.9623
        },
        "http_req_sending": {
            "p(90)": 0.6541800000000001,
            "p(95)": 0.8281399999999999,
            "avg": 0.38049999999999995,
            "min": 0,
            "med": 0.5461,
            "max": 1.0021
        },
        "http_req_blocked": {
            "avg": 4.118688888888889,
            "min": 0,
            "med": 0,
            "max": 17.9826,
            "p(90)": 11.346280000000002,
            "p(95)": 14.664439999999999
        },
        "http_req_failed": {
            "passes": 0,
            "fails": 9,
            "value": 0
        },
        "http_req_waiting": {
            "min": 7.9462,
            "med": 19.7934,
            "max": 24.2301,
            "p(90)": 23.41338,
            "p(95)": 23.82174,
            "avg": 18.147055555555553
        },
        "iteration_duration": {
            "max": 1082.004,
            "p(90)": 1080.74811,
            "p(95)": 1081.376055,
            "avg": 1075.72455,
            "min": 1069.4451,
            "med": 1075.72455
        },
        "http_req_tls_handshaking": {
            "max": 5.3427,
            "p(90)": 5.11054,
            "p(95)": 5.22662,
            "avg": 1.6536222222222223,
            "min": 0,
            "med": 0
        }
    },
    "root_group": {
        "name": "",
        "path": "",
        "id": "d41d8cd98f00b204e9800998ecf8427e",
        "groups": {},
        "checks": {
                "200 OK": {
                    "fails": 6,
                    "name": "200 OK",
                    "path": "::200 OK",
                    "id": "e9654c443eff553da9e69eda7007924e",
                    "passes": 3
                },
                "201 Created": {
                    "path": "::201 Created",
                    "id": "728dcd977aae263ca314731145e1d447",
                    "passes": 6,
                    "fails": 3,
                    "name": "201 Created"
                },
                "204 No Content": {
                    "name": "204 No Content",
                    "path": "::204 No Content",
                    "id": "54fa3c2eda34e1622fda2da5e0479fc5",
                    "passes": 0,
                    "fails": 9
                },
                "400 Bad Request": {
                    "fails": 9,
                    "name": "400 Bad Request",
                    "path": "::400 Bad Request",
                    "id": "eeae81934b9b58bccaf0184a6d070338",
                    "passes": 0
                },
                "401 Unauthorized": {
                    "name": "401 Unauthorized",
                    "path": "::401 Unauthorized",
                    "id": "6ae9254e6aefe7f0bafe5102fa7e20a5",
                    "passes": 0,
                    "fails": 9
                },
                "403 Forbidden": {
                    "name": "403 Forbidden",
                    "path": "::403 Forbidden",
                    "id": "655548b761742c5a7ad15aa7df3a5d9c",
                    "passes": 0,
                    "fails": 9
                },
                "404 Not Found": {
                    "name": "404 Not Found",
                    "path": "::404 Not Found",
                    "id": "df1528f9925ca236bac51008f77b774a",
                    "passes": 0,
                    "fails": 9
                },
                "429 Too Many Requests": {
                    "path": "::429 Too Many Requests",
                    "id": "b810c35b9499cc7342fd415032e3a6aa",
                    "passes": 0,
                    "fails": 9,
                    "name": "429 Too Many Requests"
                },
                "500 Internal Server Error": {
                    "name": "500 Internal Server Error",
                    "path": "::500 Internal Server Error",
                    "id": "3cd96245b24e869810efe46d533b0eef",
                    "passes": 0,
                    "fails": 9
                },
                "502 Bad Gateway": {
                    "fails": 9,
                    "name": "502 Bad Gateway",
                    "path": "::502 Bad Gateway",
                    "id": "712cb0ec189a11f31f0d6d0c0031b569",
                    "passes": 0
                },
                "503 Service Unavailable": {
                    "path": "::503 Service Unavailable",
                    "id": "f1ea1a22be0dc738c385523a66ea1cd9",
                    "passes": 0,
                    "fails": 9,
                    "name": "503 Service Unavailable"
                },
                "504 Gateway Timeout": {
                    "path": "::504 Gateway Timeout",
                    "id": "218efb729cb654723ccd57c6ebbebe29",
                    "passes": 0,
                    "fails": 9,
                    "name": "504 Gateway Timeout"
                }
            }
    }
}