{
    "root_group": {
        "name": "",
        "path": "",
        "id": "d41d8cd98f00b204e9800998ecf8427e",
        "groups": {},
        "checks": {}
    },
    "metrics": {
        "http_reqs": {
            "count": 1,
            "rate": 34.5107242075475
        },
        "data_sent": {
            "rate": 29196.07267958518,
            "count": 846
        },
        "http_req_failed": {
            "passes": 0,
            "fails": 1,
            "value": 0
        },
        "http_req_duration{expected_response:true}": {
            "avg": 9.9721,
            "min": 9.9721,
            "med": 9.9721,
            "max": 9.9721,
            "p(90)": 9.9721,
            "p(95)": 9.9721
        },
        "http_req_duration": {
            "p(90)": 9.9721,
            "p(95)": 9.9721,
            "avg": 9.9721,
            "min": 9.9721,
            "med": 9.9721,
            "max": 9.9721
        },
        "http_req_sending": {
            "avg": 0.5772,
            "min": 0.5772,
            "med": 0.5772,
            "max": 0.5772,
            "p(90)": 0.5772,
            "p(95)": 0.5772
        },
        "http_req_receiving": {
            "max": 0.5812,
            "p(90)": 0.5812,
            "p(95)": 0.5812,
            "avg": 0.5812,
            "min": 0.5812,
            "med": 0.5812
        },
        "http_req_waiting": {
            "p(90)": 8.8137,
            "p(95)": 8.8137,
            "avg": 8.8137,
            "min": 8.8137,
            "med": 8.8137,
            "max": 8.8137
        },
        "http_req_connecting": {
            "avg": 4.2193,
            "min": 4.2193,
            "med": 4.2193,
            "max": 4.2193,
            "p(90)": 4.2193,
            "p(95)": 4.2193
        },
        "iterations": {
            "count": 1,
            "rate": 34.5107242075475
        },
        "http_req_tls_handshaking": {
            "avg": 5.5039,
            "min": 5.5039,
            "med": 5.5039,
            "max": 5.5039,
            "p(90)": 5.5039,
            "p(95)": 5.5039
        },
        "http_req_blocked": {
            "max": 16.6375,
            "p(90)": 16.6375,
            "p(95)": 16.6375,
            "avg": 16.6375,
            "min": 16.6375,
            "med": 16.6375
        },
        "iteration_duration": {
            "avg": 26.0324,
            "min": 26.0324,
            "med": 26.0324,
            "max": 26.0324,
            "p(90)": 26.0324,
            "p(95)": 26.0324
        },
        "data_received": {
            "count": 4537,
            "rate": 156575.15572964298
        }
    }
}