{
    "metrics": {
        "vus_max": {
            "value": 1,
            "min": 1,
            "max": 1
        },
        "http_req_receiving": {
            "avg": 0.42713333333333336,
            "min": 0.2273,
            "med": 0.3504,
            "max": 0.7037,
            "p(90)": 0.63304,
            "p(95)": 0.6683699999999999
        },
        "data_sent": {
            "count": 2052,
            "rate": 1909.3945749000966
        },
        "http_req_blocked": {
            "min": 0,
            "med": 0,
            "max": 17.5173,
            "p(90)": 14.01384,
            "p(95)": 15.765569999999997,
            "avg": 5.839099999999999
        },
        "http_req_sending": {
            "max": 0.0204,
            "p(90)": 0.01632,
            "p(95)": 0.018359999999999998,
            "avg": 0.0068000000000000005,
            "min": 0,
            "med": 0
        },
        "checks": {
            "passes": 3,
            "fails": 33,
            "value": 0.08333333333333333
        },
        "iteration_duration": {
            "med": 1074.6833,
            "max": 1074.6833,
            "p(90)": 1074.6833,
            "p(95)": 1074.6833,
            "avg": 1074.6833,
            "min": 1074.6833
        },
        "http_req_duration": {
            "avg": 18.535233333333334,
            "min": 9.095,
            "med": 21.6336,
            "max": 24.8771,
            "p(90)": 24.2284,
            "p(95)": 24.55275
        },
        "http_req_failed": {
            "passes": 0,
            "fails": 3,
            "value": 0
        },
        "http_req_duration{expected_response:true}": {
            "min": 9.095,
            "med": 21.6336,
            "max": 24.8771,
            "p(90)": 24.2284,
            "p(95)": 24.55275,
            "avg": 18.535233333333334
        },
        "http_req_tls_handshaking": {
            "p(90)": 4.308400000000001,
            "p(95)": 4.84695,
            "avg": 1.7951666666666668,
            "min": 0,
            "med": 0,
            "max": 5.3855
        },
        "vus": {
            "value": 1,
            "min": 1,
            "max": 1
        },
        "data_received": {
            "count": 5975,
            "rate": 5559.76246833727
        },
        "http_reqs": {
            "rate": 2.79151253640365,
            "count": 3
        },
        "iterations": {
            "count": 1,
            "rate": 0.9305041788012166
        },
        "dropped_iterations": {
            "count": 1,
            "rate": 0.9305041788012166
        },
        "http_req_waiting": {
            "p(90)": 23.79102,
            "p(95)": 24.14866,
            "avg": 18.1013,
            "min": 8.8677,
            "med": 20.9299,
            "max": 24.5063
        },
        "http_req_connecting": {
            "avg": 4.043933333333333,
            "min": 0,
            "med": 0,
            "max": 12.1318,
            "p(90)": 9.705440000000001,
            "p(95)": 10.918619999999999
        }
    },
    "root_group": {
        "groups": {},
        "checks": {
                "200 OK": {
                    "fails": 2,
                    "name": "200 OK",
                    "path": "::200 OK",
                    "id": "e9654c443eff553da9e69eda7007924e",
                    "passes": 1
                },
                "201 Created": {
                    "path": "::201 Created",
                    "id": "728dcd977aae263ca314731145e1d447",
                    "passes": 2,
                    "fails": 1,
                    "name": "201 Created"
                },
                "204 No Content": {
                    "fails": 3,
                    "name": "204 No Content",
                    "path": "::204 No Content",
                    "id": "54fa3c2eda34e1622fda2da5e0479fc5",
                    "passes": 0
                },
                "400 Bad Request": {
                    "fails": 3,
                    "name": "400 Bad Request",
                    "path": "::400 Bad Request",
                    "id": "eeae81934b9b58bccaf0184a6d070338",
                    "passes": 0
                },
                "401 Unauthorized": {
                    "fails": 3,
                    "name": "401 Unauthorized",
                    "path": "::401 Unauthorized",
                    "id": "6ae9254e6aefe7f0bafe5102fa7e20a5",
                    "passes": 0
                },
                "403 Forbidden": {
                    "name": "403 Forbidden",
                    "path": "::403 Forbidden",
                    "id": "655548b761742c5a7ad15aa7df3a5d9c",
                    "passes": 0,
                    "fails": 3
                },
                "404 Not Found": {
                    "name": "404 Not Found",
                    "path": "::404 Not Found",
                    "id": "df1528f9925ca236bac51008f77b774a",
                    "passes": 0,
                    "fails": 3
                },
                "429 Too Many Requests": {
                    "name": "429 Too Many Requests",
                    "path": "::429 Too Many Requests",
                    "id": "b810c35b9499cc7342fd415032e3a6aa",
                    "passes": 0,
                    "fails": 3
                },
                "500 Internal Server Error": {
                    "name": "500 Internal Server Error",
                    "path": "::500 Internal Server Error",
                    "id": "3cd96245b24e869810efe46d533b0eef",
                    "passes": 0,
                    "fails": 3
                },
                "502 Bad Gateway": {
                    "passes": 0,
                    "fails": 3,
                    "name": "502 Bad Gateway",
                    "path": "::502 Bad Gateway",
                    "id": "712cb0ec189a11f31f0d6d0c0031b569"
                },
                "503 Service Unavailable": {
                    "id": "f1ea1a22be0dc738c385523a66ea1cd9",
                    "passes": 0,
                    "fails": 3,
                    "name": "503 Service Unavailable",
                    "path": "::503 Service Unavailable"
                },
                "504 Gateway Timeout": {
                    "passes": 0,
                    "fails": 3,
                    "name": "504 Gateway Timeout",
                    "path": "::504 Gateway Timeout",
                    "id": "218efb729cb654723ccd57c6ebbebe29"
                }
            },
        "name": "",
        "path": "",
        "id": "d41d8cd98f00b204e9800998ecf8427e"
    }
}