{
    "metrics": {
        "iteration_duration": {
            "min": 15019.6146,
            "med": 77987.05859999999,
            "max": 171581.9973,
            "p(90)": 156178.1725,
            "p(95)": 162368.329425,
            "avg": 78981.8705664685
        },
        "iterations": {
            "count": 2186,
            "rate": 12.129282013093807
        },
        "http_req_blocked": {
            "med": 8.73715,
            "max": 226.3088,
            "p(90)": 12.00291,
            "p(95)": 17.972709999999992,
            "avg": 11.776062129939747,
            "min": 0
        },
        "http_req_connecting": {
            "avg": 5.433744601473533,
            "min": 0,
            "med": 3.41525,
            "max": 144.3465,
            "p(90)": 4.92485,
            "p(95)": 7.619104999999967
        },
        "http_req_failed": {
            "passes": 31,
            "fails": 14899,
            "value": 0.0020763563295378433
        },
        "vus_max": {
            "value": 40000,
            "min": 2452,
            "max": 40000
        },
        "http_req_waiting": {
            "p(95)": 119956.89278,
            "avg": 44438.84095826522,
            "min": 11.3186,
            "med": 35385.93165,
            "max": 152714.3061,
            "p(90)": 98747.77110000001
        },
        "http_req_duration{expected_response:true}": {
            "avg": 44499.64223896902,
            "min": 11.4718,
            "med": 35525.6368,
            "max": 152717.0349,
            "p(90)": 98804.59822000001,
            "p(95)": 119973.33073999992
        },
        "checks": {
            "passes": 14927,
            "fails": 164197,
            "value": 0.08333333333333333
        },
        "http_reqs": {
            "count": 14930,
            "rate": 82.84088767405788
        },
        "vus": {
            "min": 0,
            "max": 8954,
            "value": 7842
        },
        "data_received": {
            "count": 49404784,
            "rate": 274128.34306129214
        },
        "http_req_duration": {
            "max": 152717.0349,
            "p(90)": 98755.16243000003,
            "p(95)": 119959.101635,
            "avg": 44439.696137736064,
            "min": 11.4718,
            "med": 35394.00165
        },
        "http_req_receiving": {
            "p(95)": 1.9654399999999979,
            "avg": 0.5032997387809764,
            "min": 0,
            "med": 0.04305,
            "max": 61.5173,
            "p(90)": 1.13601
        },
        "http_req_sending": {
            "min": 0,
            "med": 0,
            "max": 56.7617,
            "p(90)": 0.6074300000000001,
            "p(95)": 1,
            "avg": 0.35187973208305345
        },
        "data_sent": {
            "count": 17617436,
            "rate": 97752.44720568678
        },
        "http_req_tls_handshaking": {
            "p(90)": 6.9976,
            "p(95)": 9.995714999999999,
            "avg": 5.874623081044884,
            "min": 0,
            "med": 4.9576,
            "max": 127.4688
        }
    },
    "root_group": {
        "checks": {
            "200 OK": {
                "path": "::200 OK",
                "id": "e9654c443eff553da9e69eda7007924e",
                "passes": 0,
                "fails": 14927,
                "name": "200 OK"
            },
            "201 Created": {
                "name": "201 Created",
                "path": "::201 Created",
                "id": "728dcd977aae263ca314731145e1d447",
                "passes": 14897,
                "fails": 30
            },
            "204 No Content": {
                "name": "204 No Content",
                "path": "::204 No Content",
                "id": "54fa3c2eda34e1622fda2da5e0479fc5",
                "passes": 0,
                "fails": 14927
            },
            "400 Bad Request": {
                "name": "400 Bad Request",
                "path": "::400 Bad Request",
                "id": "eeae81934b9b58bccaf0184a6d070338",
                "passes": 0,
                "fails": 14927
            },
            "401 Unauthorized": {
                "fails": 14927,
                "name": "401 Unauthorized",
                "path": "::401 Unauthorized",
                "id": "6ae9254e6aefe7f0bafe5102fa7e20a5",
                "passes": 0
            },
            "403 Forbidden": {
                "id": "655548b761742c5a7ad15aa7df3a5d9c",
                "passes": 0,
                "fails": 14927,
                "name": "403 Forbidden",
                "path": "::403 Forbidden"
            },
            "404 Not Found": {
                "fails": 14927,
                "name": "404 Not Found",
                "path": "::404 Not Found",
                "id": "df1528f9925ca236bac51008f77b774a",
                "passes": 0
            },
            "429 Too Many Requests": {
                "passes": 0,
                "fails": 14927,
                "name": "429 Too Many Requests",
                "path": "::429 Too Many Requests",
                "id": "b810c35b9499cc7342fd415032e3a6aa"
            },
            "500 Internal Server Error": {
                "passes": 30,
                "fails": 14897,
                "name": "500 Internal Server Error",
                "path": "::500 Internal Server Error",
                "id": "3cd96245b24e869810efe46d533b0eef"
            },
            "502 Bad Gateway": {
                "fails": 14927,
                "name": "502 Bad Gateway",
                "path": "::502 Bad Gateway",
                "id": "712cb0ec189a11f31f0d6d0c0031b569",
                "passes": 0
            },
            "503 Service Unavailable": {
                "name": "503 Service Unavailable",
                "path": "::503 Service Unavailable",
                "id": "f1ea1a22be0dc738c385523a66ea1cd9",
                "passes": 0,
                "fails": 14927
            },
            "504 Gateway Timeout": {
                "name": "504 Gateway Timeout",
                "path": "::504 Gateway Timeout",
                "id": "218efb729cb654723ccd57c6ebbebe29",
                "passes": 0,
                "fails": 14927
            }
        },
        "name": "",
        "path": "",
        "id": "d41d8cd98f00b204e9800998ecf8427e",
        "groups": {}
    }
}