{
    "metrics": {
        "data_sent": {
            "count": 47349,
            "rate": 52379.52427325055
        },
        "http_req_duration{expected_response:true}": {
            "max": 183.579,
            "p(90)": 142.4964400000001,
            "p(95)": 176.37799,
            "avg": 63.70236923076922,
            "min": 12.1301,
            "med": 32.4893
        },
        "vus": {
            "value": 0,
            "min": 0,
            "max": 0
        },
        "http_req_connecting": {
            "med": 3.0121,
            "max": 4.9997,
            "p(90)": 4.0019,
            "p(95)": 4.9997,
            "avg": 2.2666615384615385,
            "min": 0
        },
        "http_req_receiving": {
            "avg": 0.14194358974358973,
            "min": 0,
            "med": 0,
            "max": 1.0271,
            "p(90)": 0.5510000000000002,
            "p(95)": 0.7514200000000001
        },
        "data_received": {
            "count": 132107,
            "rate": 146142.51226353907
        },
        "vus_max": {
            "max": 20000,
            "value": 20000,
            "min": 2980
        },
        "http_reqs": {
            "count": 39,
            "rate": 43.143497152142004
        },
        "http_req_duration": {
            "avg": 63.70236923076922,
            "min": 12.1301,
            "med": 32.4893,
            "max": 183.579,
            "p(90)": 142.4964400000001,
            "p(95)": 176.37799
        },
        "http_req_waiting": {
            "med": 31.9356,
            "max": 182.5744,
            "p(90)": 142.07940000000008,
            "p(95)": 176.37799,
            "avg": 63.407812820512824,
            "min": 12.1301
        },
        "checks": {
            "passes": 39,
            "fails": 429,
            "value": 0.08333333333333333
        },
        "http_req_tls_handshaking": {
            "avg": 4.099184615384615,
            "min": 0,
            "med": 5.2698,
            "max": 9.0017,
            "p(90)": 8.0016,
            "p(95)": 9.0017
        },
        "http_req_blocked": {
            "avg": 7.343064102564103,
            "min": 0,
            "med": 9.118,
            "max": 15.0011,
            "p(90)": 14.001,
            "p(95)": 15.0011
        },
        "http_req_failed": {
            "passes": 0,
            "fails": 39,
            "value": 0
        },
        "http_req_sending": {
            "min": 0,
            "med": 0,
            "max": 1.0056,
            "p(90)": 0.56452,
            "p(95)": 1.00028,
            "avg": 0.15261282051282052
        }
    },
    "root_group": {
        "name": "",
        "path": "",
        "id": "d41d8cd98f00b204e9800998ecf8427e",
        "groups": {},
        "checks": {
                "200 OK": {
                    "passes": 0,
                    "fails": 39,
                    "name": "200 OK",
                    "path": "::200 OK",
                    "id": "e9654c443eff553da9e69eda7007924e"
                },
                "201 Created": {
                    "id": "728dcd977aae263ca314731145e1d447",
                    "passes": 39,
                    "fails": 0,
                    "name": "201 Created",
                    "path": "::201 Created"
                },
                "204 No Content": {
                    "passes": 0,
                    "fails": 39,
                    "name": "204 No Content",
                    "path": "::204 No Content",
                    "id": "54fa3c2eda34e1622fda2da5e0479fc5"
                },
                "400 Bad Request": {
                    "name": "400 Bad Request",
                    "path": "::400 Bad Request",
                    "id": "eeae81934b9b58bccaf0184a6d070338",
                    "passes": 0,
                    "fails": 39
                },
                "401 Unauthorized": {
                    "passes": 0,
                    "fails": 39,
                    "name": "401 Unauthorized",
                    "path": "::401 Unauthorized",
                    "id": "6ae9254e6aefe7f0bafe5102fa7e20a5"
                },
                "403 Forbidden": {
                    "fails": 39,
                    "name": "403 Forbidden",
                    "path": "::403 Forbidden",
                    "id": "655548b761742c5a7ad15aa7df3a5d9c",
                    "passes": 0
                },
                "404 Not Found": {
                    "fails": 39,
                    "name": "404 Not Found",
                    "path": "::404 Not Found",
                    "id": "df1528f9925ca236bac51008f77b774a",
                    "passes": 0
                },
                "429 Too Many Requests": {
                    "fails": 39,
                    "name": "429 Too Many Requests",
                    "path": "::429 Too Many Requests",
                    "id": "b810c35b9499cc7342fd415032e3a6aa",
                    "passes": 0
                },
                "500 Internal Server Error": {
                    "path": "::500 Internal Server Error",
                    "id": "3cd96245b24e869810efe46d533b0eef",
                    "passes": 0,
                    "fails": 39,
                    "name": "500 Internal Server Error"
                },
                "502 Bad Gateway": {
                    "name": "502 Bad Gateway",
                    "path": "::502 Bad Gateway",
                    "id": "712cb0ec189a11f31f0d6d0c0031b569",
                    "passes": 0,
                    "fails": 39
                },
                "503 Service Unavailable": {
                    "id": "f1ea1a22be0dc738c385523a66ea1cd9",
                    "passes": 0,
                    "fails": 39,
                    "name": "503 Service Unavailable",
                    "path": "::503 Service Unavailable"
                },
                "504 Gateway Timeout": {
                    "name": "504 Gateway Timeout",
                    "path": "::504 Gateway Timeout",
                    "id": "218efb729cb654723ccd57c6ebbebe29",
                    "passes": 0,
                    "fails": 39
                }
            }
    }
}