{
    "metrics": {
        "vus_max": {
            "value": 20000,
            "min": 2525,
            "max": 20000
        },
        "http_reqs": {
            "count": 11615,
            "rate": 69.28723971922544
        },
        "http_req_duration": {
            "med": 29202.2712,
            "max": 60026.715,
            "p(90)": 60000.96524,
            "p(95)": 60001.348529999996,
            "avg": 30423.040976625056,
            "min": 5.7424
        },
        "http_req_sending": {
            "min": 0,
            "med": 0,
            "max": 24.6848,
            "p(90)": 0.5731,
            "p(95)": 0.5987,
            "avg": 0.23305445544554446
        },
        "http_req_waiting": {
            "med": 29201.887,
            "max": 60026.1724,
            "p(90)": 60000.70556,
            "p(95)": 60001.23156,
            "avg": 30422.62134271205,
            "min": 5.5553
        },
        "checks": {
            "passes": 7575,
            "fails": 131805,
            "value": 0.05434782608695652
        },
        "vus": {
            "value": 5,
            "min": 0,
            "max": 4050
        },
        "http_req_blocked": {
            "p(90)": 9.297500000000001,
            "p(95)": 9.836359999999999,
            "avg": 3.9037218338355655,
            "min": 0,
            "med": 0,
            "max": 41.1664
        },
        "http_req_receiving": {
            "med": 0,
            "max": 2.9756,
            "p(90)": 0.72902,
            "p(95)": 0.93113,
            "avg": 0.1865794575979334,
            "min": 0
        },
        "iteration_duration": {
            "p(95)": 116803.3281,
            "avg": 71670.61331411725,
            "min": 1775.947,
            "med": 76275.1894,
            "max": 121002.5216,
            "p(90)": 112327.9331
        },
        "iterations": {
            "count": 5001,
            "rate": 29.832585952289836
        },
        "http_req_connecting": {
            "avg": 1.5634847696943608,
            "min": 0,
            "med": 0,
            "max": 28.6792,
            "p(90)": 3.7860199999999997,
            "p(95)": 3.93706
        },
        "data_received": {
            "count": 25558687,
            "rate": 152465.85218059845
        },
        "http_req_duration{expected_response:true}": {
            "p(95)": 53676.19134,
            "avg": 14649.55847662045,
            "min": 5.7424,
            "med": 2485.0655,
            "max": 59989.7485,
            "p(90)": 49194.55144
        },
        "data_sent": {
            "count": 8817846,
            "rate": 52601.30947991504
        },
        "http_req_tls_handshaking": {
            "avg": 2.232891510977189,
            "min": 0,
            "med": 0,
            "max": 36.2376,
            "p(90)": 5.45678,
            "p(95)": 5.86055
        },
        "http_req_failed": {
            "passes": 4040,
            "fails": 7575,
            "value": 0.34782608695652173
        }
    },
    "root_group": {
        "name": "",
        "path": "",
        "id": "d41d8cd98f00b204e9800998ecf8427e",
        "groups": {},
        "checks": {
                "200 OK": {
                    "name": "200 OK",
                    "path": "::200 OK",
                    "id": "e9654c443eff553da9e69eda7007924e",
                    "passes": 1922,
                    "fails": 9693
                },
                "201 Created": {
                    "id": "728dcd977aae263ca314731145e1d447",
                    "passes": 5653,
                    "fails": 5962,
                    "name": "201 Created",
                    "path": "::201 Created"
                },
                "204 No Content": {
                    "passes": 0,
                    "fails": 11615,
                    "name": "204 No Content",
                    "path": "::204 No Content",
                    "id": "54fa3c2eda34e1622fda2da5e0479fc5"
                },
                "400 Bad Request": {
                    "name": "400 Bad Request",
                    "path": "::400 Bad Request",
                    "id": "eeae81934b9b58bccaf0184a6d070338",
                    "passes": 0,
                    "fails": 11615
                },
                "401 Unauthorized": {
                    "passes": 0,
                    "fails": 11615,
                    "name": "401 Unauthorized",
                    "path": "::401 Unauthorized",
                    "id": "6ae9254e6aefe7f0bafe5102fa7e20a5"
                },
                "403 Forbidden": {
                    "fails": 11615,
                    "name": "403 Forbidden",
                    "path": "::403 Forbidden",
                    "id": "655548b761742c5a7ad15aa7df3a5d9c",
                    "passes": 0
                },
                "404 Not Found": {
                    "id": "df1528f9925ca236bac51008f77b774a",
                    "passes": 0,
                    "fails": 11615,
                    "name": "404 Not Found",
                    "path": "::404 Not Found"
                },
                "429 Too Many Requests": {
                    "name": "429 Too Many Requests",
                    "path": "::429 Too Many Requests",
                    "id": "b810c35b9499cc7342fd415032e3a6aa",
                    "passes": 0,
                    "fails": 11615
                },
                "500 Internal Server Error": {
                    "path": "::500 Internal Server Error",
                    "id": "3cd96245b24e869810efe46d533b0eef",
                    "passes": 0,
                    "fails": 11615,
                    "name": "500 Internal Server Error"
                },
                "502 Bad Gateway": {
                    "path": "::502 Bad Gateway",
                    "id": "712cb0ec189a11f31f0d6d0c0031b569",
                    "passes": 0,
                    "fails": 11615,
                    "name": "502 Bad Gateway"
                },
                "503 Service Unavailable": {
                    "name": "503 Service Unavailable",
                    "path": "::503 Service Unavailable",
                    "id": "f1ea1a22be0dc738c385523a66ea1cd9",
                    "passes": 0,
                    "fails": 11615
                },
                "504 Gateway Timeout": {
                    "passes": 0,
                    "fails": 11615,
                    "name": "504 Gateway Timeout",
                    "path": "::504 Gateway Timeout",
                    "id": "218efb729cb654723ccd57c6ebbebe29"
                }
            }
    }
}