{
    "metrics": {
        "http_req_connecting": {
            "avg": 1.4198592259491354,
            "min": 0,
            "med": 0,
            "max": 41.764,
            "p(90)": 3.912,
            "p(95)": 4.277959999999999
        },
        "http_req_duration": {
            "max": 83235.2671,
            "p(90)": 70770.34386000001,
            "p(95)": 74757.32186,
            "avg": 34189.802074515355,
            "min": 3.4485,
            "med": 33089.7559
        },
        "http_req_tls_handshaking": {
            "avg": 1.947578621452263,
            "min": 0,
            "med": 0,
            "max": 35.4033,
            "p(90)": 5.46696,
            "p(95)": 6.054159999999998
        },
        "http_req_failed": {
            "passes": 8,
            "fails": 13557,
            "value": 0.0005897530409141172
        },
        "http_reqs": {
            "count": 13565,
            "rate": 75.34628944950016
        },
        "http_req_receiving": {
            "avg": 0.40618150387025365,
            "min": 0,
            "med": 0.1407,
            "max": 20.0037,
            "p(90)": 0.9370600000000001,
            "p(95)": 1.0312599999999998
        },
        "http_req_duration{expected_response:true}": {
            "avg": 34209.88315796274,
            "min": 3.4485,
            "med": 33093.8812,
            "max": 83235.2671,
            "p(90)": 70776.7341,
            "p(95)": 74757.4754
        },
        "http_req_blocked": {
            "min": 0,
            "med": 0,
            "max": 47.9819,
            "p(90)": 9.58464,
            "p(95)": 10.506859999999998,
            "avg": 3.4626481312200426
        },
        "iterations": {
            "count": 3522,
            "rate": 19.56281838858382
        },
        "http_req_waiting": {
            "avg": 34189.15567014372,
            "min": 3.4485,
            "med": 33089.2372,
            "max": 83234.2647,
            "p(90)": 70769.47046,
            "p(95)": 74756.56118
        },
        "data_received": {
            "count": 29338405,
            "rate": 162959.082574026
        },
        "vus_max": {
            "value": 20000,
            "min": 2485,
            "max": 20000
        },
        "iteration_duration": {
            "avg": 89232.67818685394,
            "min": 1713.6215,
            "med": 106404.83684999999,
            "max": 146602.3328,
            "p(90)": 137816.13587,
            "p(95)": 139784.254305
        },
        "checks": {
            "passes": 13565,
            "fails": 149215,
            "value": 0.08333333333333333
        },
        "vus": {
            "value": 1500,
            "min": 0,
            "max": 4130
        },
        "http_req_sending": {
            "avg": 0.24022286767416107,
            "min": 0,
            "med": 0,
            "max": 7.5237,
            "p(90)": 0.5738,
            "p(95)": 0.59958
        },
        "data_sent": {
            "count": 10366297,
            "rate": 57579.21225812644
        }
    },
    "root_group": {
        "id": "d41d8cd98f00b204e9800998ecf8427e",
        "groups": {},
        "checks": {
                "200 OK": {
                    "name": "200 OK",
                    "path": "::200 OK",
                    "id": "e9654c443eff553da9e69eda7007924e",
                    "passes": 0,
                    "fails": 13565
                },
                "201 Created": {
                    "name": "201 Created",
                    "path": "::201 Created",
                    "id": "728dcd977aae263ca314731145e1d447",
                    "passes": 13557,
                    "fails": 8
                },
                "204 No Content": {
                    "name": "204 No Content",
                    "path": "::204 No Content",
                    "id": "54fa3c2eda34e1622fda2da5e0479fc5",
                    "passes": 0,
                    "fails": 13565
                },
                "400 Bad Request": {
                    "id": "eeae81934b9b58bccaf0184a6d070338",
                    "passes": 0,
                    "fails": 13565,
                    "name": "400 Bad Request",
                    "path": "::400 Bad Request"
                },
                "401 Unauthorized": {
                    "name": "401 Unauthorized",
                    "path": "::401 Unauthorized",
                    "id": "6ae9254e6aefe7f0bafe5102fa7e20a5",
                    "passes": 0,
                    "fails": 13565
                },
                "403 Forbidden": {
                    "name": "403 Forbidden",
                    "path": "::403 Forbidden",
                    "id": "655548b761742c5a7ad15aa7df3a5d9c",
                    "passes": 0,
                    "fails": 13565
                },
                "404 Not Found": {
                    "id": "df1528f9925ca236bac51008f77b774a",
                    "passes": 0,
                    "fails": 13565,
                    "name": "404 Not Found",
                    "path": "::404 Not Found"
                },
                "429 Too Many Requests": {
                    "path": "::429 Too Many Requests",
                    "id": "b810c35b9499cc7342fd415032e3a6aa",
                    "passes": 0,
                    "fails": 13565,
                    "name": "429 Too Many Requests"
                },
                "500 Internal Server Error": {
                    "path": "::500 Internal Server Error",
                    "id": "3cd96245b24e869810efe46d533b0eef",
                    "passes": 8,
                    "fails": 13557,
                    "name": "500 Internal Server Error"
                },
                "502 Bad Gateway": {
                    "passes": 0,
                    "fails": 13565,
                    "name": "502 Bad Gateway",
                    "path": "::502 Bad Gateway",
                    "id": "712cb0ec189a11f31f0d6d0c0031b569"
                },
                "503 Service Unavailable": {
                    "name": "503 Service Unavailable",
                    "path": "::503 Service Unavailable",
                    "id": "f1ea1a22be0dc738c385523a66ea1cd9",
                    "passes": 0,
                    "fails": 13565
                },
                "504 Gateway Timeout": {
                    "path": "::504 Gateway Timeout",
                    "id": "218efb729cb654723ccd57c6ebbebe29",
                    "passes": 0,
                    "fails": 13565,
                    "name": "504 Gateway Timeout"
                }
            },
        "name": "",
        "path": ""
    }
}