{
    "metrics": {
        "data_received": {
            "count": 17786,
            "rate": 5969.7973766321875
        },
        "vus_max": {
            "value": 1,
            "min": 1,
            "max": 1
        },
        "http_reqs": {
            "count": 2,
            "rate": 0.6712917324448653
        },
        "http_req_duration": {
            "med": 904.8296,
            "max": 1329.5276,
            "p(90)": 1244.588,
            "p(95)": 1287.0577999999998,
            "avg": 904.8295999999999,
            "min": 480.1316
        },
        "http_req_connecting": {
            "p(90)": 40.227289999999996,
            "p(95)": 40.610945,
            "avg": 37.15805,
            "min": 33.3215,
            "med": 37.15805,
            "max": 40.9946
        },
        "http_req_waiting": {
            "avg": 870.96475,
            "min": 416.017,
            "med": 870.9647499999999,
            "max": 1325.9125,
            "p(90)": 1234.92295,
            "p(95)": 1280.4177249999998
        },
        "vus": {
            "value": 1,
            "min": 1,
            "max": 1
        },
        "http_req_tls_handshaking": {
            "max": 47.6817,
            "p(90)": 46.95054,
            "p(95)": 47.31612,
            "avg": 44.0259,
            "min": 40.3701,
            "med": 44.0259
        },
        "http_req_blocked": {
            "min": 74.2187,
            "med": 83.95485,
            "max": 93.691,
            "p(90)": 91.74377,
            "p(95)": 92.71738500000001,
            "avg": 83.95485
        },
        "iteration_duration": {
            "avg": 2979.3172,
            "min": 2979.3172,
            "med": 2979.3172,
            "max": 2979.3172,
            "p(90)": 2979.3172,
            "p(95)": 2979.3172
        },
        "http_req_sending": {
            "avg": 0,
            "min": 0,
            "med": 0,
            "max": 0,
            "p(90)": 0,
            "p(95)": 0
        },
        "http_req_receiving": {
            "avg": 33.86485,
            "min": 3.6151,
            "med": 33.86485,
            "max": 64.1146,
            "p(90)": 58.06465,
            "p(95)": 61.08962499999999
        },
        "iterations": {
            "count": 1,
            "rate": 0.33564586622243264
        },
        "checks": {
            "passes": 1,
            "fails": 11,
            "value": 0.08333333333333333
        },
        "data_sent": {
            "count": 1662,
            "rate": 557.8434296616831
        },
        "http_req_duration{expected_response:true}": {
            "avg": 904.8295999999999,
            "min": 480.1316,
            "med": 904.8296,
            "max": 1329.5276,
            "p(90)": 1244.588,
            "p(95)": 1287.0577999999998
        },
        "http_req_failed": {
            "passes": 0,
            "fails": 2,
            "value": 0
        }
    },
    "root_group": {
        "checks": {
            "200 OK": {
                "name": "200 OK",
                "path": "::200 OK",
                "id": "e9654c443eff553da9e69eda7007924e",
                "passes": 1,
                "fails": 0
            },
            "201 Created": {
                "id": "728dcd977aae263ca314731145e1d447",
                "passes": 0,
                "fails": 1,
                "name": "201 Created",
                "path": "::201 Created"
            },
            "204 No Content": {
                "name": "204 No Content",
                "path": "::204 No Content",
                "id": "54fa3c2eda34e1622fda2da5e0479fc5",
                "passes": 0,
                "fails": 1
            },
            "400 Bad Request": {
                "fails": 1,
                "name": "400 Bad Request",
                "path": "::400 Bad Request",
                "id": "eeae81934b9b58bccaf0184a6d070338",
                "passes": 0
            },
            "401 Unauthorized": {
                "fails": 1,
                "name": "401 Unauthorized",
                "path": "::401 Unauthorized",
                "id": "6ae9254e6aefe7f0bafe5102fa7e20a5",
                "passes": 0
            },
            "403 Forbidden": {
                "name": "403 Forbidden",
                "path": "::403 Forbidden",
                "id": "655548b761742c5a7ad15aa7df3a5d9c",
                "passes": 0,
                "fails": 1
            },
            "404 Not Found": {
                "passes": 0,
                "fails": 1,
                "name": "404 Not Found",
                "path": "::404 Not Found",
                "id": "df1528f9925ca236bac51008f77b774a"
            },
            "429 Too Many Requests": {
                "passes": 0,
                "fails": 1,
                "name": "429 Too Many Requests",
                "path": "::429 Too Many Requests",
                "id": "b810c35b9499cc7342fd415032e3a6aa"
            },
            "500 Internal Server Error": {
                "fails": 1,
                "name": "500 Internal Server Error",
                "path": "::500 Internal Server Error",
                "id": "3cd96245b24e869810efe46d533b0eef",
                "passes": 0
            },
            "502 Bad Gateway": {
                "name": "502 Bad Gateway",
                "path": "::502 Bad Gateway",
                "id": "712cb0ec189a11f31f0d6d0c0031b569",
                "passes": 0,
                "fails": 1
            },
            "503 Service Unavailable": {
                "name": "503 Service Unavailable",
                "path": "::503 Service Unavailable",
                "id": "f1ea1a22be0dc738c385523a66ea1cd9",
                "passes": 0,
                "fails": 1
            },
            "504 Gateway Timeout": {
                "name": "504 Gateway Timeout",
                "path": "::504 Gateway Timeout",
                "id": "218efb729cb654723ccd57c6ebbebe29",
                "passes": 0,
                "fails": 1
            }
        },
        "name": "",
        "path": "",
        "id": "d41d8cd98f00b204e9800998ecf8427e",
        "groups": {}
    }
}