{
    "metrics": {
        "http_req_duration{expected_response:true}": {
            "p(90)": 11.066130000000001,
            "p(95)": 23.005834999999998,
            "avg": 13.101945469061869,
            "min": 5.9138,
            "med": 8.493549999999999,
            "max": 425.2454
        },
        "http_req_blocked": {
            "p(95)": 9.516379999999998,
            "avg": 4.24360159680638,
            "min": 0,
            "med": 0,
            "max": 38.0497,
            "p(90)": 8.915480000000002
        },
        "http_req_waiting": {
            "avg": 9.570096906187521,
            "min": 0,
            "med": 7.1872,
            "max": 424.3919,
            "p(90)": 9.30333,
            "p(95)": 10.849804999999993
        },
        "checks": {
            "passes": 20040,
            "fails": 220440,
            "value": 0.08333333333333333
        },
        "iterations": {
            "count": 10020,
            "rate": 164.1701143701424
        },
        "iteration_duration": {
            "max": 1442.9719,
            "p(90)": 1032.55482,
            "p(95)": 1051.8201099999999,
            "avg": 1030.7868522754525,
            "min": 1014.1169,
            "med": 1025.3613500000001
        },
        "data_received": {
            "count": 49453103,
            "rate": 810251.6542383664
        },
        "http_req_failed": {
            "passes": 10020,
            "fails": 10020,
            "value": 0.5
        },
        "data_sent": {
            "count": 16212806,
            "rate": 265634.55242324655
        },
        "http_req_duration": {
            "max": 425.2454,
            "p(90)": 9.719520000000001,
            "p(95)": 11.229449999999996,
            "avg": 9.917978003991923,
            "min": 3.9118,
            "med": 7.5471
        },
        "http_reqs": {
            "rate": 328.3402287402848,
            "count": 20040
        },
        "http_req_sending": {
            "p(90)": 0.549,
            "p(95)": 0.567,
            "avg": 0.1816575149700605,
            "min": 0,
            "med": 0,
            "max": 22.5332
        },
        "http_req_receiving": {
            "avg": 0.16622358283433142,
            "min": 0,
            "med": 0,
            "max": 19.0016,
            "p(90)": 0.5844200000000005,
            "p(95)": 0.82
        },
        "http_req_connecting": {
            "avg": 1.7343616516966027,
            "min": 0,
            "med": 0,
            "max": 33.3968,
            "p(90)": 3.67411,
            "p(95)": 3.976305
        },
        "http_req_tls_handshaking": {
            "max": 32.9811,
            "p(90)": 5.12671,
            "p(95)": 5.57874,
            "avg": 2.4118309431137748,
            "min": 0,
            "med": 0
        },
        "vus": {
            "min": 0,
            "max": 199,
            "value": 36
        },
        "vus_max": {
            "value": 10000,
            "min": 2873,
            "max": 10000
        }
    },
    "root_group": {
        "checks": {
            "200 OK": {
                "id": "e9654c443eff553da9e69eda7007924e",
                "passes": 0,
                "fails": 20040,
                "name": "200 OK",
                "path": "::200 OK"
            },
            "201 Created": {
                "name": "201 Created",
                "path": "::201 Created",
                "id": "728dcd977aae263ca314731145e1d447",
                "passes": 10020,
                "fails": 10020
            },
            "204 No Content": {
                "id": "54fa3c2eda34e1622fda2da5e0479fc5",
                "passes": 0,
                "fails": 20040,
                "name": "204 No Content",
                "path": "::204 No Content"
            },
            "400 Bad Request": {
                "name": "400 Bad Request",
                "path": "::400 Bad Request",
                "id": "eeae81934b9b58bccaf0184a6d070338",
                "passes": 10020,
                "fails": 10020
            },
            "401 Unauthorized": {
                "name": "401 Unauthorized",
                "path": "::401 Unauthorized",
                "id": "6ae9254e6aefe7f0bafe5102fa7e20a5",
                "passes": 0,
                "fails": 20040
            },
            "403 Forbidden": {
                "id": "655548b761742c5a7ad15aa7df3a5d9c",
                "passes": 0,
                "fails": 20040,
                "name": "403 Forbidden",
                "path": "::403 Forbidden"
            },
            "404 Not Found": {
                "passes": 0,
                "fails": 20040,
                "name": "404 Not Found",
                "path": "::404 Not Found",
                "id": "df1528f9925ca236bac51008f77b774a"
            },
            "429 Too Many Requests": {
                "path": "::429 Too Many Requests",
                "id": "b810c35b9499cc7342fd415032e3a6aa",
                "passes": 0,
                "fails": 20040,
                "name": "429 Too Many Requests"
            },
            "500 Internal Server Error": {
                "path": "::500 Internal Server Error",
                "id": "3cd96245b24e869810efe46d533b0eef",
                "passes": 0,
                "fails": 20040,
                "name": "500 Internal Server Error"
            },
            "502 Bad Gateway": {
                "passes": 0,
                "fails": 20040,
                "name": "502 Bad Gateway",
                "path": "::502 Bad Gateway",
                "id": "712cb0ec189a11f31f0d6d0c0031b569"
            },
            "503 Service Unavailable": {
                "passes": 0,
                "fails": 20040,
                "name": "503 Service Unavailable",
                "path": "::503 Service Unavailable",
                "id": "f1ea1a22be0dc738c385523a66ea1cd9"
            },
            "504 Gateway Timeout": {
                "path": "::504 Gateway Timeout",
                "id": "218efb729cb654723ccd57c6ebbebe29",
                "passes": 0,
                "fails": 20040,
                "name": "504 Gateway Timeout"
            }
        },
        "name": "",
        "path": "",
        "id": "d41d8cd98f00b204e9800998ecf8427e",
        "groups": {}
    }
}