{
    "metrics": {
        "http_req_connecting": {
            "avg": 1.8709844277018344,
            "min": 0,
            "med": 0,
            "max": 71.7419,
            "p(90)": 3.9121900000000003,
            "p(95)": 4.251565
        },
        "http_req_blocked": {
            "avg": 4.621237092106594,
            "min": 0,
            "med": 0,
            "max": 125.6056,
            "p(90)": 9.71528,
            "p(95)": 10.482495
        },
        "vus": {
            "value": 11,
            "min": 0,
            "max": 7128
        },
        "iterations": {
            "count": 10021,
            "rate": 71.15406925006134
        },
        "http_req_tls_handshaking": {
            "avg": 2.614317483285103,
            "min": 0,
            "med": 0,
            "max": 96.1552,
            "p(90)": 5.611410000000002,
            "p(95)": 6.098010000000001
        },
        "http_reqs": {
            "count": 20042,
            "rate": 142.30813850012268
        },
        "http_req_sending": {
            "p(90)": 0.5683,
            "p(95)": 0.600295,
            "avg": 0.2389169543957691,
            "min": 0,
            "med": 0,
            "max": 14.5292
        },
        "checks": {
            "passes": 17955,
            "fails": 222549,
            "value": 0.07465572298173835
        },
        "http_req_duration": {
            "p(90)": 60000.39841,
            "p(95)": 60000.97079,
            "avg": 29857.745855488476,
            "min": 350.1015,
            "med": 26041.2057,
            "max": 60025.9725
        },
        "vus_max": {
            "max": 10000,
            "value": 10000,
            "min": 3156
        },
        "http_req_failed": {
            "passes": 2087,
            "fails": 17955,
            "value": 0.1041313242191398
        },
        "iteration_duration": {
            "p(90)": 85570.4095,
            "p(95)": 88404.7566,
            "avg": 60726.018198882506,
            "min": 2035.0143,
            "med": 74423.6422,
            "max": 97663.8077
        },
        "http_req_duration{expected_response:true}": {
            "max": 59973.5732,
            "p(90)": 52508.98698,
            "p(95)": 54613.77126,
            "avg": 26354.02756383745,
            "min": 350.1015,
            "med": 22613.9195
        },
        "http_req_receiving": {
            "p(90)": 0.7267700000000005,
            "p(95)": 0.9293950000000001,
            "avg": 0.21374866779762564,
            "min": 0,
            "med": 0,
            "max": 34.7792
        },
        "http_req_waiting": {
            "p(90)": 59999.922829999996,
            "p(95)": 60000.810295,
            "avg": 29857.293189866305,
            "min": 350.1015,
            "med": 26040.93675,
            "max": 60025.6852
        },
        "data_sent": {
            "count": 16335335,
            "rate": 115988.9789255514
        },
        "data_received": {
            "count": 53350734,
            "rate": 378816.667156731
        }
    },
    "root_group": {
        "id": "d41d8cd98f00b204e9800998ecf8427e",
        "groups": {},
        "checks": {
                "200 OK": {
                    "path": "::200 OK",
                    "id": "e9654c443eff553da9e69eda7007924e",
                    "passes": 0,
                    "fails": 20042,
                    "name": "200 OK"
                },
                "201 Created": {
                    "name": "201 Created",
                    "path": "::201 Created",
                    "id": "728dcd977aae263ca314731145e1d447",
                    "passes": 17955,
                    "fails": 2087
                },
                "204 No Content": {
                    "path": "::204 No Content",
                    "id": "54fa3c2eda34e1622fda2da5e0479fc5",
                    "passes": 0,
                    "fails": 20042,
                    "name": "204 No Content"
                },
                "400 Bad Request": {
                    "name": "400 Bad Request",
                    "path": "::400 Bad Request",
                    "id": "eeae81934b9b58bccaf0184a6d070338",
                    "passes": 0,
                    "fails": 20042
                },
                "401 Unauthorized": {
                    "fails": 20042,
                    "name": "401 Unauthorized",
                    "path": "::401 Unauthorized",
                    "id": "6ae9254e6aefe7f0bafe5102fa7e20a5",
                    "passes": 0
                },
                "403 Forbidden": {
                    "name": "403 Forbidden",
                    "path": "::403 Forbidden",
                    "id": "655548b761742c5a7ad15aa7df3a5d9c",
                    "passes": 0,
                    "fails": 20042
                },
                "404 Not Found": {
                    "name": "404 Not Found",
                    "path": "::404 Not Found",
                    "id": "df1528f9925ca236bac51008f77b774a",
                    "passes": 0,
                    "fails": 20042
                },
                "429 Too Many Requests": {
                    "name": "429 Too Many Requests",
                    "path": "::429 Too Many Requests",
                    "id": "b810c35b9499cc7342fd415032e3a6aa",
                    "passes": 0,
                    "fails": 20042
                },
                "500 Internal Server Error": {
                    "path": "::500 Internal Server Error",
                    "id": "3cd96245b24e869810efe46d533b0eef",
                    "passes": 0,
                    "fails": 20042,
                    "name": "500 Internal Server Error"
                },
                "502 Bad Gateway": {
                    "name": "502 Bad Gateway",
                    "path": "::502 Bad Gateway",
                    "id": "712cb0ec189a11f31f0d6d0c0031b569",
                    "passes": 0,
                    "fails": 20042
                },
                "503 Service Unavailable": {
                    "name": "503 Service Unavailable",
                    "path": "::503 Service Unavailable",
                    "id": "f1ea1a22be0dc738c385523a66ea1cd9",
                    "passes": 0,
                    "fails": 20042
                },
                "504 Gateway Timeout": {
                    "passes": 0,
                    "fails": 20042,
                    "name": "504 Gateway Timeout",
                    "path": "::504 Gateway Timeout",
                    "id": "218efb729cb654723ccd57c6ebbebe29"
                }
            },
        "name": "",
        "path": ""
    }
}